KODE_BARANG,nama_barang,STOK,SATUAN,LOKASI,LAST_UPDATE
ASPEX0200019,ADAPTOR 80/165 ,4,SET,rak 1,13/01/2026
ASPEX0200021,ADAPTOR AX-TB289 I-220V O-9V ,10,PCS,rak 2,13/01/2026
ASPEX0200163,ANGLE SEAT VALVE DN32 316L ,2,PCS,rak 3,13/01/2026
ASPEX0200193,AS DRAT M 10 MM ,5,MTR,rak 4,13/01/2026
ASPEX0200194,AS DRAT M 12 MM ,7,Mtr,rak 5,13/01/2026
ASPEX0200199,AS DRAT M 16 MM (HITAM) ,10,MTR,rak 6,13/01/2026
ASPEX0200207,AS DRAT M 30 X 3.5 MM ,4,Mtr,rak 7,13/01/2026
ASPEX0200213,AS DRAT M 54 X 1300mm PITCH 8mm ,2,PCS,rak 8,13/01/2026
ASPEX0200241,AS SPIRAL ,10,PCS,rak 9,13/01/2026
ASPEX0200275,AUTO DRAIN DONALDSON D-42781 ,1,PCS,rak 10,13/01/2026
ASPEX0200281,AUTOSOL METAL POLISH 75 ML ,9,PCS,rak 11,13/01/2026
ASPEX0200291,AUXILARY SIEMEN 3TX/4010/2A NO ,5,Pcs,rak 12,13/01/2026
ASPEX0200334,BALL VALVE KITZ 1/2` ,87,Pcs,rak 13,13/01/2026
ASPEX0200370,BAND HEATER 120 X 90 220V 900W ,1,PCS,rak 14,13/01/2026
ASPEX0200371,BAND HEATER 120X120 220V ,2,SET,rak 15,13/01/2026
ASPEX0200382,BAND HEATER 150X80 380 V ,2,PCS,rak 16,13/01/2026
ASPEX0200386,BAND HEATER 165X100 380 V ,1,PCS,rak 17,13/01/2026
ASPEX0200399,BAND HEATER 200X110 380V ,2,SET,rak 18,13/01/2026
ASPEX0200400,BAND HEATER 200X120 380 V ,3,PCS,rak 19,13/01/2026
ASPEX0200401,BAND HEATER 200X155 380V ,1,PCS,rak 20,13/01/2026
ASPEX0200406,BAND HEATER 220X160 380V 2500W ,2,Pcs,rak 21,13/01/2026
ASPEX0200437,BAND HEATER 70X100 220V 550W ,2,SET,rak 22,13/01/2026
ASPEX0200438,BAND HEATER 70X260 220V 1700W ,1,SET,rak 23,13/01/2026
ASPEX0200446,BAND HEATER RS 140X80 380V ,2,SET,rak 24,13/01/2026
ASPEX0200447,BAND HEATER RS 150X100 380V ,2,SET,rak 25,13/01/2026
ASPEX0200452,BAND HEATER RS 90X100 220V ,1,SET,rak 26,13/01/2026
ASPEX0201063,BBM PERTAMAX ,85,LTR,rak 27,13/01/2026
ASPEX0201082,BEARING BLOK ,4,PCS,rak 28,13/01/2026
ASPEX0201108,BEARING HGW - 20 CC HIWIN ,29,Pcs,rak 29,13/01/2026
ASPEX0201119,BEARING NJ 2216 EM.C3 ,6,PCS,rak 30,13/01/2026
ASPEX0201120,BEARING NJ 2218 EM.C3 ,2,PCS,rak 31,13/01/2026
ASPEX0201132,BEARING QHW-35 CC HIWIN ,6,PCS,rak 32,13/01/2026
ASPEX0201147,BEARING SKF 22215 C ,4,PCS,rak 33,13/01/2026
ASPEX0201149,BEARING SKF 22216 C ,4,PCS,rak 34,13/01/2026
ASPEX0201156,BEARING SKF 29420 E ,1,Pcs,rak 35,13/01/2026
ASPEX0201158,BEARING SKF 29422E ,1,Pcs,rak 36,13/01/2026
ASPEX0201162,BEARING SKF 30208 J2/Q ,3,PCS,rak 37,13/01/2026
ASPEX0201163,BEARING SKF 30212 ,13,PCS,rak 38,13/01/2026
ASPEX0201175,BEARING SKF 6003 Z ,3,PCS,rak 39,13/01/2026
ASPEX0201230,BEARING SKF 6313 RS GERMANY ,1,Pcs,rak 40,13/01/2026
ASPEX0201232,BEARING SKF 6314/C3 ,7,PCS,rak 41,13/01/2026
ASPEX0201239,BEARING SKF N312 E C3 ,4,PCS,rak 42,13/01/2026
ASPEX0201240,BEARING SKF NJ 2215 ECJ ,6,Pcs,rak 43,13/01/2026
ASPEX0201273,BEARING SKF/FAG 6007 RS.C3 ,2,PCS,rak 44,13/01/2026
ASPEX0201278,BEARING SKF/FAG 6202 RS ,2,PCS,rak 45,13/01/2026
ASPEX0201280,BEARING SKF/FAG 6203RS.C3 ,9,PCS,rak 46,13/01/2026
ASPEX0201282,BEARING SKF/FAG 6204 RS ,6,PCS,rak 47,13/01/2026
ASPEX0201284,BEARING SKF/FAG 6205RS.C3 ,18,Pcs,rak 48,13/01/2026
ASPEX0201286,BEARING SKF/FAG 6206 2RS.C3 ,4,PCS,rak 49,13/01/2026
ASPEX0201289,BEARING SKF/FAG 6207 2RS.C3 ,6,PCS,rak 50,13/01/2026
ASPEX0201291,BEARING SKF/FAG 6208 2RS.C3 ,6,PCS,rak 51,13/01/2026
ASPEX0201294,BEARING SKF/FAG 6209 2RS ,5,PCS,rak 52,13/01/2026
ASPEX0201296,BEARING SKF/FAG 6212 RS.C3 ,2,PCS,rak 53,13/01/2026
ASPEX0201304,BEARING SKF/FAG 6306RS C3 ,7,PCS,rak 54,13/01/2026
ASPEX0201306,BEARING SKF/FAG 6307 RS.C3 ,5,PCS,rak 55,13/01/2026
ASPEX0201310,BEARING SKF/FAG 6309 2RS.C3 ,7,PCS,rak 56,13/01/2026
ASPEX0201313,BEARING SKF/FAG 6310 2RS.C3 ,1,PCS,rak 57,13/01/2026
ASPEX0201314,BEARING SKF/FAG 6311 2RS.C3 ,2,PCS,rak 58,13/01/2026
ASPEX0201321,BEARING SKF/FAG 6404.C3 ,2,Pcs,rak 59,13/01/2026
ASPEX0201334,BEARING T 309 ,4,PCS,rak 60,13/01/2026
ASPEX0201421,BESI HOLLOW 40X40X2 ,10,BTG,rak 61,13/01/2026
ASPEX0201457,BESI SIKU 40X40X4 KS ,5,BTG,rak 62,13/01/2026
ASPEX0201482,BESI UNP 100X50X5X600 CM ,10,Btg,rak 63,13/01/2026
ASPEX0201573,BOX PANEL 40 X 30 X 25 ,4,PCS,rak 64,13/01/2026
ASPEX0201601,BSL 04 SILINCER 1/2 BOURI ,50,PCS,rak 65,13/01/2026
ASPEX0201628,BUTTERFLY VALVE KITZ 2` ,10,Pcs,rak 66,13/01/2026
ASPEX0201641,CABLE DUCT PVC LUBANG 50X50 MM ,10,MTR,rak 67,13/01/2026
ASPEX0201652,CABLE TRAY + CAVER 150 X 50 ,10,Btg,rak 68,13/01/2026
ASPEX0201661,CAM LOCK TYPE. A 2 ` ,4,SET,rak 69,13/01/2026
ASPEX0201667,CAM LOCK TYPE. D 2 ` ,4,SET,rak 70,13/01/2026
ASPEX0201690,CAPASITOR 35uF-400VAC ,9,PCS,rak 71,13/01/2026
ASPEX0201692,CAPASITOR 40 UF 450VAC ,9,PCS,rak 72,13/01/2026
ASPEX0201722,CARBON BRUSH BOSCH GWS 750-100 ,1,SET,rak 73,13/01/2026
ASPEX0201726,CARBON BRUSH E91 (GSA-120) ,6,SET,rak 74,13/01/2026
ASPEX0201774,CAST IN HEATER 240X140X25 ,5,SET,rak 75,13/01/2026
ASPEX0201778,CAST IN HEATER 240X92X25 ,3,SET,rak 76,13/01/2026
ASPEX0201779,CAST IN HEATER 245 X 220 220V ,7,PCS,rak 77,13/01/2026
ASPEX0201785,CAST IN HEATER 255X245 220V ,7,PCS,rak 78,13/01/2026
ASPEX0201790,CAST IN HEATER 260X202X25-380V ,8,SET,rak 79,13/01/2026
ASPEX0201802,CAST IN HEATER 280X200X25 ,8,SET,rak 80,13/01/2026
ASPEX0201803,CAST IN HEATER 280X200X25-380V ,2,SET,rak 81,13/01/2026
ASPEX0201805,CAST IN HEATER 290X115X25 380V ,12,PCS,rak 82,13/01/2026
ASPEX0201811,CAST IN HEATER 320X150X25 ,14,PCS,rak 83,13/01/2026
ASPEX0201820,CAST IN HEATER 340X100X25 ,10,SET,rak 84,13/01/2026
ASPEX0201828,CAST IN HEATER 340X92X25 ,24,PCS,rak 85,13/01/2026
ASPEX0201829,CAST IN HEATER 375X215X25 ,2,SET,rak 86,13/01/2026
ASPEX0201873,CAT BIRU NIPPE ,7,Kg,rak 87,13/01/2026
ASPEX0201889,CAT KUNING NIPPE ,17,Kg,rak 88,13/01/2026
ASPEX0201896,CAT NIPPE ABU-ABU LEMARI LOKER ,3,KG,rak 89,13/01/2026
ASPEX0201928,CAT PUTIH NIPPE 470 ,12,Kg,rak 90,13/01/2026
ASPEX0201988,CHUCK COLLECT MINI GRINDER ,2,SET,rak 91,13/01/2026
ASPEX0202007,CLAMP DIES ,1,SET,rak 92,13/01/2026
ASPEX0202039,COLOKAN / STREKER ,45,Pcs,rak 93,13/01/2026
ASPEX0202041,COLOKAN 3 LUBANG ,26,PCS,rak 94,13/01/2026
ASPEX0202056,COMPOND PUTIH ,5,Kg,rak 95,13/01/2026
ASPEX0202090,CONICAL TWIN SCREW & BAREL D80 ,5,SET,rak 96,13/01/2026
ASPEX0202100,CONICAL TWIN SCREW&BARREL D92/ ,3,SET,rak 97,13/01/2026
ASPEX0202116,CONTACK POINT LAY5-BE 101 NO ,17,Pcs,rak 98,13/01/2026
ASPEX0202134,CONTACT SCHNEIDER XEN-G1191 ,8,PCS,rak 99,13/01/2026
ASPEX0202137,CONTACTOR LC1 E0910 220V ,8,Pcs,rak 100,13/01/2026
ASPEX0202151,CONTACTOR LC1 D1801 M7 24VAC ,6,PCS,rak 101,13/01/2026
ASPEX0202180,CONTACTOR SCHNEIDER LC1D.K ,3,PCS,rak 102,13/01/2026
ASPEX0202185,CONTACTOR SCHNEIDER LC1D35AM7 ,4,PCS,rak 103,13/01/2026
ASPEX0202189,CONTACTOR SCHNEIDER LC1D50AM7 ,5,PCS,rak 104,13/01/2026
ASPEX0202207,CONTACTOR SIEMEN 3TS 32 00220 ,18,PCS,rak 105,13/01/2026
ASPEX0202210,CONTACTOR SIEMEN 3TS 33 00 220 ,18,Pcs,rak 106,13/01/2026
ASPEX0202212,CONTACTOR SIEMEN 3TS 34.00 220 ,9,Pcs,rak 107,13/01/2026
ASPEX0202214,CONTACTOR SIEMEN 3TS 35.00 220 ,7,PCS,rak 108,13/01/2026
ASPEX0202228,CONTACTOR SIEMENS 3TS 30 00-0X ,6,PCS,rak 109,13/01/2026
ASPEX0202255,CONTACTOR SN 80 - 220V ,1,PCS,rak 110,13/01/2026
ASPEX0202256,CONTACTOR SN 80 - 380V ,1,PCS,rak 111,13/01/2026
ASPEX0202304,COUNTER AUTONIC CT6Y2P4 ,3,PCS,rak 112,13/01/2026
ASPEX0202425,DIGITAL COUNTER TIMER CT6S-1P4 ,6,Pcs,rak 113,13/01/2026
ASPEX0202474,DOOR CLOSER ,4,PCS,rak 114,13/01/2026
ASPEX0202497,DOUBLE NEPLE GALVANIS 1.1/2` ,2,PCS,rak 115,13/01/2026
ASPEX0202502,DOUBLE NEPLE GALVANIS 1.5` ,10,Pcs,rak 116,13/01/2026
ASPEX0202507,DOUBLE NEPLE GALVANIS 1/2` ,45,Pcs,rak 117,13/01/2026
ASPEX0202510,DOUBLE NEPLE GALVANIS 1` ,28,Pcs,rak 118,13/01/2026
ASPEX0202516,DOUBLE NEPLE GALVANIS 2.5` ,5,Pcs,rak 119,13/01/2026
ASPEX0202518,DOUBLE NEPLE GALVANIS 2` ,14,Pcs,rak 120,13/01/2026
ASPEX0202581,ELBO GALVANIS 1.1/2 ` ,10,Pcs,rak 121,13/01/2026
ASPEX0202583,ELBO GALVANIS 1` ,29,Pcs,rak 122,13/01/2026
ASPEX0202587,ELBO LAS GALVANIS 2.5` ,5,Pcs,rak 123,13/01/2026
ASPEX0202595,ELBO PVC 2.1/2` ,5,PCS,rak 124,13/01/2026
ASPEX0202622,ELBOW GALVANIS 1/2` ,17,PCS,rak 125,13/01/2026
ASPEX0202627,ELBOW GALVANIS 2` ,10,PCS,rak 126,13/01/2026
ASPEX0202685,EMERGENCY PUSH BUTON 22 MM ,11,PCS,rak 127,13/01/2026
ASPEX0202703,ENGSEL PINTU ,59,SET,rak 128,13/01/2026
ASPEX0202746,FAN 190FLW2-22S 0.4A 80W 220V ,2,PCS,rak 129,13/01/2026
ASPEX0202774,FAN R2E225-BD92-09/A04 0.88A ,2,PCS,rak 130,13/01/2026
ASPEX0202776,FAN TYPE 200FZY-DB 2500 RPM ,4,Pcs,rak 131,13/01/2026
ASPEX0202783,FAN YWD92/100-2 1.14A 100W ,3,PCS,rak 132,13/01/2026
ASPEX0202818,FILTER FREON D-48 UNIVERSAL ,15,PCS,rak 133,13/01/2026
ASPEX0202825,FILTER INLET ,60,Mtr,rak 134,13/01/2026
ASPEX0202870,FISHEYE JOINT CYLINDER SC63 ,2,SET,rak 135,13/01/2026
ASPEX0202884,FLANGE 6` TYPE 10 K ,2,Pcs,rak 136,13/01/2026
ASPEX0202899,FLANGE GALVANIS 2` ,15,Pcs,rak 137,13/01/2026
ASPEX0202983,"FLOW SWITCH SAGINOMIYA 1"" ",3,PCS,rak 138,13/01/2026
ASPEX0203001,FREEON R - 22 ,12,Gln,rak 139,13/01/2026
ASPEX0203004,FREEON R - 407C ,12,GLN,rak 140,13/01/2026
ASPEX0203017,FULLER GAUGE KUNINGAN ,13,SET,rak 141,13/01/2026
ASPEX0203020,FULLER GAUGE STAINLESS ,5,SET,rak 142,13/01/2026
ASPEX0203140,GEMBOK ATS 30 ,1,PCS,rak 143,13/01/2026
ASPEX0203165,GERGAJI KAYU CAP MATA ,1,PCS,rak 144,13/01/2026
ASPEX0203234,GRINDA TEBAL WD 4` X 6 ,1,Pcs,rak 145,13/01/2026
ASPEX0203256,GUTTER BASE ASSEMBLY RX65SB ,1,PCS,rak 146,13/01/2026
ASPEX0203371,HEAD LAMP SENTER LED ,8,PCS,rak 147,13/01/2026
ASPEX0203384,HEATER ADAPTOR KOTAK 260X160X ,2,SET,rak 148,13/01/2026
ASPEX0203386,HEATER ADAPTOR KOTAK 260X235X ,1,SET,rak 149,13/01/2026
ASPEX0203388,HEATER ADAPTOR KOTAK 280X240X ,3,SET,rak 150,13/01/2026
ASPEX0203390,HEATER ADAPTOR KOTAK 300X240 ,9,SET,rak 151,13/01/2026
ASPEX0203391,HEATER ADAPTOR KOTAK 300X280X ,1,SET,rak 152,13/01/2026
ASPEX0203409,HEATER DIES KOTAK 235X210X20 ,3,SET,rak 153,13/01/2026
ASPEX0203411,HEATER DIES KOTAK 240X250X20 ,16,SET,rak 154,13/01/2026
ASPEX0203412,HEATER DIES KOTAK 240X250X20 220V ,9,PCS,rak 155,13/01/2026
ASPEX0203413,HEATER DIES KOTAK 245X220X20 ,4,PCS,rak 156,13/01/2026
ASPEX0203414,HEATER DIES KOTAK 250X240X20 ,15,PCS,rak 157,13/01/2026
ASPEX0203415,HEATER DIES KOTAK 255X245X20 ,19,PCS,rak 158,13/01/2026
ASPEX0203416,HEATER DIES KOTAK 255X250X19 ,4,SET,rak 159,13/01/2026
ASPEX0203417,HEATER DIES KOTAK 260X200X20 ,2,PCS,rak 160,13/01/2026
ASPEX0203418,HEATER DIES KOTAK 265X250X20 ,3,PCS,rak 161,13/01/2026
ASPEX0203419,HEATER DIES KOTAK 270X250X20 ,10,PCS,rak 162,13/01/2026
ASPEX0203423,HEATER HU2 UX-D 451966 INKJET ,2,PCS,rak 163,13/01/2026
ASPEX0203474,HOLE SAW 22 MM ,3,PCS,rak 164,13/01/2026
ASPEX0203484,HOLE SAW 60 MM ,3,PCS,rak 165,13/01/2026
ASPEX0203499,HOPPER FEEDER OF EXTRUDER SJZ ,10,SET,rak 166,13/01/2026
ASPEX0203549,IMPELLER 100X65-250 SOUTHERN ,1,PCS,rak 167,13/01/2026
ASPEX0203552,IMPELLER POMPA PSGD 003 ,1,SET,rak 168,13/01/2026
ASPEX0203558,INDUCTIVE SENSOR PRL18-8AO ,5,PCS,rak 169,13/01/2026
ASPEX0203564,INK FILTER UX (451867-451487- ,1,SET,rak 170,13/01/2026
ASPEX0203573,INVERTER ABB ACS510 1.5 KW ,2,SET,rak 171,13/01/2026
ASPEX0203574,INVERTER ABB ACS-580-01 480VAC ,1,UNIT,rak 172,13/01/2026
ASPEX0203605,ISOLASI NETTO BIRU ,29,PCS,rak 173,13/01/2026
ASPEX0203609,ISOLASI NETTO KUNING ,28,PCS,rak 174,13/01/2026
ASPEX0203612,ISOLASI NETTO MERAH ,28,PCS,rak 175,13/01/2026
ASPEX0203654,JOINT COUPLE ,4,PCS,rak 176,13/01/2026
ASPEX0203672,KABEL HEATER 2.5 MM ,300,MTR,rak 177,13/01/2026
ASPEX0203674,KABEL HEATER 4 MM ,300,MTR,rak 178,13/01/2026
ASPEX0203855,KABEL RS-485 TO RS-485 ,3,SET,rak 179,13/01/2026
ASPEX0203866,KABEL TIES 100 ,5,PACK,rak 180,13/01/2026
ASPEX0203872,KABEL TIES 150 ,17,PACK,rak 181,13/01/2026
ASPEX0203878,KABEL TIES 200 ,17,PACK,rak 182,13/01/2026
ASPEX0203891,KACA CERMIN 30 X 90 CM ,5,PCS,rak 183,13/01/2026
ASPEX0203971,KAPEK GAGANG 2` ,3,PCS,rak 184,13/01/2026
ASPEX0204036,KAWAT KUNINGAN ,17,Btg,rak 185,13/01/2026
ASPEX0204075,KAWAT LAS RB.26-2.6MM ,3,Pack,rak 186,13/01/2026
ASPEX0204091,KAWAT LAS SS NC-38-2.6MM ,7,Pack,rak 187,13/01/2026
ASPEX0204097,KAWAT LAS TEMBAGA ,15,PCS,rak 188,13/01/2026
ASPEX0204122,KEDOK LAS ,4,PCS,rak 189,13/01/2026
ASPEX0204159,KIKIR - NEEDLE FILES ,2,SET,rak 190,13/01/2026
ASPEX0204179,KIKIR SEGI TIGA 5 MM ,1,Pcs,rak 191,13/01/2026
ASPEX0204220,KLEM AH 26-31 ,3,LUSIN,rak 192,13/01/2026
ASPEX0204225,"KLEM AH 32 - 35 (1"") ",43,PCS,rak 193,13/01/2026
ASPEX0204238,KLEM AH 48 - 51 (1.5`) ,76,PCS,rak 194,13/01/2026
ASPEX0204244,KLEM AH 60 - 63 (2`) ,36,PCS,rak 195,13/01/2026
ASPEX0204248,KLEM AH 64 - 67 ,30,PCS,rak 196,13/01/2026
ASPEX0204251,KLEM AH 80-85 ,30,PCS,rak 197,13/01/2026
ASPEX0204256,"KLEM HOPPER EXTRUDER D.12"" ",20,PCS,rak 198,13/01/2026
ASPEX0204277,"KLEM PIPA U 4"" UK. M 8 + MUR ",5,SET,rak 199,13/01/2026
ASPEX0204308,KLEM STEINLISS 1 ` ,250,Pcs,rak 200,13/01/2026
ASPEX0204314,KLEM STEINLISS 5 ` ,20,PCS,rak 201,13/01/2026
ASPEX0204355,KNOP POTENSIO VISHAY 10K OHM ,8,PCS,rak 202,13/01/2026
ASPEX0204380,KOBELCO TOUGH GREASE ,5,PCS,rak 203,13/01/2026
ASPEX0204390,KONEKTOR DIES RS HLE 24-S ,16,SET,rak 204,13/01/2026
ASPEX0204402,KRAN AIR SWAN ,2,PCS,rak 205,13/01/2026
ASPEX0204431,KUNCI INGGRIS 300MM ,5,PCS,rak 206,13/01/2026
ASPEX0204452,KUNCI L 14 HITAM PANJANG ,5,PCS,rak 207,13/01/2026
ASPEX0204461,KUNCI L 17 PANJANG ,5,PCS,rak 208,13/01/2026
ASPEX0204467,KUNCI L 19 HITAM MERK EIGHT ,5,PCS,rak 209,13/01/2026
ASPEX0204476,KUNCI L 22 MERK EIGHT ,11,PCS,rak 210,13/01/2026
ASPEX0204482,KUNCI L 24 MERK EIGHT ,5,PCS,rak 211,13/01/2026
ASPEX0204488,KUNCI L 27 MERK EIGHT ,10,PCS,rak 212,13/01/2026
ASPEX0204503,KUNCI L SET BINTANG MM ,6,SET,rak 213,13/01/2026
ASPEX0204516,KUNCI L SET TEKIRO MM ,4,SET,rak 214,13/01/2026
ASPEX0204585,KUNCI PAS RING SET ,6,SET,rak 215,13/01/2026
ASPEX0204602,"KUNCI PIPA 14"" ",5,PCS,rak 216,13/01/2026
ASPEX0204633,KUNCI SHOCK SET MAX POWER ,5,SET,rak 217,13/01/2026
ASPEX0204637,"KUNCI SLOT 4"" ",4,PCS,rak 218,13/01/2026
ASPEX0204646,KUNCI SOK 19 ,2,PCS,rak 219,13/01/2026
ASPEX0204671,KUNCIAN BAREL D.92/188 ,1,SET,rak 220,13/01/2026
ASPEX0204681,KWAS ETERNA 633-2` ,19,Pcs,rak 221,13/01/2026
ASPEX0204694,LABEL CASIO XR-12YW 12MM YELOW ,20,PCS,rak 222,13/01/2026
ASPEX0204698,"LABEL CASIO XR-9HSWE 9X2,5 MM ",23,PCS,rak 223,13/01/2026
ASPEX0204715,LAMPU INDICATOR WHITE AD16-22D ,3,PCS,rak 224,13/01/2026
ASPEX0204727,LAMPU LED CIRCULAR HIGH 100W ,32,SET,rak 225,13/01/2026
ASPEX0204732,LAMPU LED MS86T-BFF-R ,11,PCS,rak 226,13/01/2026
ASPEX0204793,LEM AIBON 0.5 Kg ,6,Klg,rak 227,13/01/2026
ASPEX0204802,LEM BESI DEXTONE 5 MENIT ,18,PCS,rak 228,13/01/2026
ASPEX0204819,LEM PVC 400Gr ,4,Klg,rak 229,13/01/2026
ASPEX0204820,LEM SILICON HITAM ,192,PCS,rak 230,13/01/2026
ASPEX0204830,LIMIT SWITCH HY-M903 ,6,PCS,rak 231,13/01/2026
ASPEX0204832,LIMIT SWITCH LXK3-20S/T ,2,PCS,rak 232,13/01/2026
ASPEX0204835,LIMIT SWITCH T28108 ,14,PCS,rak 233,13/01/2026
ASPEX0204846,LINGGIS PANJANG ,1,PCS,rak 234,13/01/2026
ASPEX0204857,LOCK NUTS FAG KM 10 ,6,PCS,rak 235,13/01/2026
ASPEX0204864,LOCK WASHERS MB10 ,4,PCS,rak 236,13/01/2026
ASPEX0204930,MAGNET HOPPER ,5,PCS,rak 237,13/01/2026
ASPEX0204940,MAGNETIK SENSOR CS1-F 5-240V ,10,PCS,rak 238,13/01/2026
ASPEX0204947,MAKE UP S100A 800ml (HITACHI) ,69,BTL,rak 239,13/01/2026
ASPEX0205116,MATA GERGAJI BESI ,5,Pcs,rak 240,13/01/2026
ASPEX0205121,MATA GERGAJI BOSCH S2345X ,14,PACK,rak 241,13/01/2026
ASPEX0205203,MCB 1 PHASE 10.A ,6,Pcs,rak 242,13/01/2026
ASPEX0205208,MCB 1 PHASE 16.A ,12,Pcs,rak 243,13/01/2026
ASPEX0205222,MCB 1 PHASE 25.A ,6,Pcs,rak 244,13/01/2026
ASPEX0205230,MCB 1 PHASE 4 A ,4,PcS,rak 245,13/01/2026
ASPEX0205237,MCB 1 PHASE 6 A ,9,Pcs,rak 246,13/01/2026
ASPEX0205250,MCB 3 PHASE 10A ,6,Pcs,rak 247,13/01/2026
ASPEX0205253,MCB 3 PHASE 16 A ,10,Pcs,rak 248,13/01/2026
ASPEX0205263,MCB 3 PHASE 25 A ,13,Pcs,rak 249,13/01/2026
ASPEX0205271,MCB 3 PHASE 32 A ,9,Pcs,rak 250,13/01/2026
ASPEX0205278,MCB 3 PHASE 40.A ,19,Pcs,rak 251,13/01/2026
ASPEX0205284,MCB 3 PHASE 50A ,8,PCS,rak 252,13/01/2026
ASPEX0205288,MCB 3 PHASE 6.A ,10,Pcs,rak 253,13/01/2026
ASPEX0205302,MECANICAL SEAL M62 Dia.25MM ,4,SET,rak 254,13/01/2026
ASPEX0205337,MECHANICAL SEAL MG2 D.28MM ,5,SET,rak 255,13/01/2026
ASPEX0205348,MELT SENSOR ZHYQ M14 0-50Mpa ,6,PCS,rak 256,13/01/2026
ASPEX0205355,MESIN GERINDA BOSCH GSW 7-100 ,3,UNIT,rak 257,13/01/2026
ASPEX0205372,METERAN DIGITAL/METERAN LASER ,1,PCS,rak 258,13/01/2026
ASPEX0205402,METTLER TOLEDO P/N 71207455 ,2,UNIT,rak 259,13/01/2026
ASPEX0205404,MGV-K PARTS 451866 INKJET ,2,PCS,rak 260,13/01/2026
ASPEX0205418,MINI GRINDER KRISBOW ,1,SET,rak 261,13/01/2026
ASPEX0205435,MOLYCOTE ,7,PCS,rak 262,13/01/2026
ASPEX0205448,"MOTOR 2,2 KW ",10,UNIT,rak 263,13/01/2026
ASPEX0205473,MOTOR FEEDER AND SCREW ,6,SET,rak 264,13/01/2026
ASPEX0205502,MOTOR Y3-250M-4 55KW 75HP ,1,UNIT,rak 265,13/01/2026
ASPEX0205510,MOUNTING CA CYLINDER SC63 ,2,SET,rak 266,13/01/2026
ASPEX0205529,MUR BAJA M 16 + RING PLAT ,44,PCS,rak 267,13/01/2026
ASPEX0205533,MUR Dia 120X95mm (DRATM54X8mm) ,4,PCS,rak 268,13/01/2026
ASPEX0205540,MUR M 10 + RING PLAT ,124,PCS,rak 269,13/01/2026
ASPEX0205542,MUR M 10+ RING PLAT + RING PER ,11,PCS,rak 270,13/01/2026
ASPEX0205547,MUR M 12 + RING PLAT + RINGPER ,21,PCS,rak 271,13/01/2026
ASPEX0205550,MUR M 14 + RING PLAT ,10,PCS,rak 272,13/01/2026
ASPEX0205552,MUR M 14+ RING PLAT + RING PER ,39,PCS,rak 273,13/01/2026
ASPEX0205582,MUR M 4 ,36,PCS,rak 274,13/01/2026
ASPEX0205584,MUR M 41 ,10,PCS,rak 275,13/01/2026
ASPEX0205588,MUR M 5 + RING PLAT ,36,PCS,rak 276,13/01/2026
ASPEX0205591,MUR M 6 + RING PLAT ,62,PCS,rak 277,13/01/2026
ASPEX0205592,MUR M 6 + RING PLAT + RING PER ,12,PCS,rak 278,13/01/2026
ASPEX0205595,MUR M 8 ,100,PCS,rak 279,13/01/2026
ASPEX0205598,MUR M 8 + RING PLAT + RING PER ,1,PCS,rak 280,13/01/2026
ASPEX0205616,NEPLE GREASE 6MM ,16,PCS,rak 281,13/01/2026
ASPEX0205618,NEPLE GREASE L 6MM ,15,PCS,rak 282,13/01/2026
ASPEX0205626,NEPLE GREASE M15 ,30,PCS,rak 283,13/01/2026
ASPEX0205634,NEPLE HOLDER THERMOCOUPLE 50MM ,4,PCS,rak 284,13/01/2026
ASPEX0205641,NEPLE SELANG 2` ,15,Pcs,rak 285,13/01/2026
ASPEX0205653,NEPLE SELANG GALVANIS 1/2 ` ,40,PCS,rak 286,13/01/2026
ASPEX0205664,NEPLE SELANG GALVANIS 2` ,10,PCS,rak 287,13/01/2026
ASPEX0205690,NFB / BREKER 3 PHASE 100 A ,3,Pcs,rak 288,13/01/2026
ASPEX0205696,NFB / BREKER 3 PHASE 160 A ,3,PCS,rak 289,13/01/2026
ASPEX0205713,NFB/BREKER 3 PHASE 250 A ,5,Pcs,rak 290,13/01/2026
ASPEX0205716,NFB/BREKER 3 PHASE 400 A ,2,Pcs,rak 291,13/01/2026
ASPEX0205769,NYLON TUBING PU 16 MM ,2,ROLL,rak 292,13/01/2026
ASPEX0205775,NYLON TUBING PU 8 MM BLUE ,525,Mtr,rak 293,13/01/2026
ASPEX0205776,NYLON TUBING PU 8 MM ORANGE ,520,Mtr,rak 294,13/01/2026
ASPEX0205784,OBENG KETOK ,1,SET,rak 295,13/01/2026
ASPEX0205788,OBENG LISTRIK MINUS ( ELORA ) ,35,Pcs,rak 296,13/01/2026
ASPEX0205796,OBENG LISTRIK PLUS ( ELORA ) ,5,Pcs,rak 297,13/01/2026
ASPEX0205861,OIL SEAL 90 X 60 X 12 ,10,PCS,rak 298,13/01/2026
ASPEX0205872,OIL SEAL NBR 95 X 120 X 12 UKS ,4,PCS,rak 299,13/01/2026
ASPEX0205894,OIL SEAL TC 170 X 200 X 15 ,8,PCS,rak 300,13/01/2026
ASPEX0205922,OIL SEAL TC 60 X 90 X 12 - 2 ,21,PCS,rak 301,13/01/2026
ASPEX0205923,OIL SEAL TC 60X80X10 ,9,PCS,rak 302,13/01/2026
ASPEX0205971,OKSIGEN O2 ,7,Tbg,rak 303,13/01/2026
ASPEX0205979,OLI EMKARATE RL 170 ,10,GLN,rak 304,13/01/2026
ASPEX0205988,OLI FLICKER 860S SPESIAL HTO ,20,PAIL,rak 305,13/01/2026
ASPEX0206003,OLI FORCE INGO ISO VG 320 ,600,LTR,rak 306,13/01/2026
ASPEX0206034,OLI SAVER 3636 HTO ISO32 ,20,PAIL,rak 307,13/01/2026
ASPEX0206037,OLI SUNISO REFRIGERATIONOIL3GS ,21,GLN,rak 308,13/01/2026
ASPEX0206160,OVERPALL 4MM ,2,PCS,rak 309,13/01/2026
ASPEX0206170,PACKING SILICON 4 MM (KARET) ,5,LMBR,rak 310,13/01/2026
ASPEX0206179,PACKING TOMBO 1MM ,5,LBR,rak 311,13/01/2026
ASPEX0206208,PAKU 5 CM ,50,KG,rak 312,13/01/2026
ASPEX0206213,PAKU 7CM ,20,KG,rak 313,13/01/2026
ASPEX0206223,PAKU RIVET 540 ,1,DUS,rak 314,13/01/2026
ASPEX0206227,PAKU RIVET 675 ,1,Dus,rak 315,13/01/2026
ASPEX0206236,PAKU ROOFING 10CM ,4,PACK,rak 316,13/01/2026
ASPEX0206244,PALU KAMBING ,4,PCS,rak 317,13/01/2026
ASPEX0206248,PALU KARET ,2,PCS,rak 318,13/01/2026
ASPEX0206263,PANEL METER MT4W-DV-4N ,14,PCS,rak 319,13/01/2026
ASPEX0206265,PANEL METER ZHYQ PD9001 ,5,PCS,rak 320,13/01/2026
ASPEX0206283,PELAMPUNG RADAR OTOMATIS ,8,PCS,rak 321,13/01/2026
ASPEX0206295,PENETRATING ALMA AC 901 ,62,CAN,rak 322,13/01/2026
ASPEX0206314,PENGGARIS SIKU SS 60CM ,8,PCS,rak 323,13/01/2026
ASPEX0206345,PILLOW BLOCK FL 309 ,2,PCS,rak 324,13/01/2026
ASPEX0206346,PILLOW BLOCK FYH FC 210 J ,4,PCS,rak 325,13/01/2026
ASPEX0206353,PILOT LAMP HIJAU 220 VAC ,11,Pcs,rak 326,13/01/2026
ASPEX0206355,PILOT LAMP KUNING 220 VAC ,14,Pcs,rak 327,13/01/2026
ASPEX0206359,PILOT LAMP MERAH 220VAC ,13,Pcs,rak 328,13/01/2026
ASPEX0206429,PIPA GALVANIS 1 ` ,15,BTG,rak 329,13/01/2026
ASPEX0206447,PIPA GALVANIS SNI BAKRI 1/2` ,10,Btg,rak 330,13/01/2026
ASPEX0206455,PIPA GALVANIS SNI BAKRI 2` ,5,Btg,rak 331,13/01/2026
ASPEX0206555,PISAU CUTTING RS ,19,PCS,rak 332,13/01/2026
ASPEX0206589,PITING TUBING I 08 MM ,65,Pcs,rak 333,13/01/2026
ASPEX0206594,PITING TUBING I 10 - 12 ,74,PCS,rak 334,13/01/2026
ASPEX0206597,PITING TUBING I 10 MM ,76,Pcs,rak 335,13/01/2026
ASPEX0206599,PITING TUBING I 12-08 MM ,99,PCS,rak 336,13/01/2026
ASPEX0206607,PITING TUBING I 8-10 ,64,PCS,rak 337,13/01/2026
ASPEX0206628,PITING TUBING PC 08 - 02 ,29,PCS,rak 338,13/01/2026
ASPEX0206630,PITING TUBING PC 08 - 03 ,19,PCS,rak 339,13/01/2026
ASPEX0206631,PITING TUBING PC 08 - 04 ,8,PCS,rak 340,13/01/2026
ASPEX0206644,PITING TUBING PC 10 - 03 DRAT ,89,PCS,rak 341,13/01/2026
ASPEX0206647,PITING TUBING PC 10 - 04 ,9,PCS,rak 342,13/01/2026
ASPEX0206653,PITING TUBING PC 10-02 ,86,PCS,rak 343,13/01/2026
ASPEX0206660,PITING TUBING PC 12 - 02 ,8,PCS,rak 344,13/01/2026
ASPEX0206661,PITING TUBING PC 12 - 03 ,100,PCS,rak 345,13/01/2026
ASPEX0206663,PITING TUBING PC 12 - 03 DRAT ,8,PCS,rak 346,13/01/2026
ASPEX0206665,PITING TUBING PC 12 - 04 ,19,PCS,rak 347,13/01/2026
ASPEX0206672,PITING TUBING PC 16 - 04 ,9,PCS,rak 348,13/01/2026
ASPEX0206673,PITING TUBING PC 16 - 04 (L) ,9,PCS,rak 349,13/01/2026
ASPEX0206723,PITING TUBING T 10MM ,46,PCS,rak 350,13/01/2026
ASPEX0206725,PITING TUBING T 12MM ,16,PCS,rak 351,13/01/2026
ASPEX0206757,PLAT BESI 10 MM ,3,LBR,rak 352,13/01/2026
ASPEX0206786,PLAT BESI 8MM ,2,LMBR,rak 353,13/01/2026
ASPEX0206803,PLAT BORDES 3MM ,5,Lbr,rak 354,13/01/2026
ASPEX0206856,PLAT STAINLIS 304 T 2MM ,3,Lbr,rak 355,13/01/2026
ASPEX0206887,PLC CM 1241 RS422/485 ,15,SET,rak 356,13/01/2026
ASPEX0206895,PLC SIMATIC S7-1200 CPU 1214C ,5,SET,rak 357,13/01/2026
ASPEX0206897,PLC SM 1231 TC ,4,SET,rak 358,13/01/2026
ASPEX0206942,PNEUMATIC CYLINDER 40 X 150 ,13,LUSIN,rak 359,13/01/2026
ASPEX0206944,PNEUMATIC CYLINDER 80 X 750 ,2,PCS,rak 360,13/01/2026
ASPEX0206946,PNEUMATIC CYLINDER SC 125X100 ,8,PCS,rak 361,13/01/2026
ASPEX0206948,PNEUMATIC CYLINDER SC 63 X 700 ,8,PCS,rak 362,13/01/2026
ASPEX0206949,PNEUMATIC CYLINDER SC 63X100 ,6,PCS,rak 363,13/01/2026
ASPEX0206950,PNEUMATIC CYLINDER SC 63X100 ,3,SET,rak 364,13/01/2026
ASPEX0206951,PNEUMATIC CYLINDER SC 63X125 ,12,PCS,rak 365,13/01/2026
ASPEX0206983,POMPA AIR 1.5 KW ,3,SET,rak 366,13/01/2026
ASPEX0207005,POTENSIO VISHAY 10K OHM ,21,PCS,rak 367,13/01/2026
ASPEX0207015,POWER LOGIC PM5350 ,5,PCS,rak 368,13/01/2026
ASPEX0207021,POWER SUPLY ABL2REM24150H ,1,PCS,rak 369,13/01/2026
ASPEX0207022,POWER SUPLY NRD - 240 - 24 ,4,UNIT,rak 370,13/01/2026
ASPEX0207045,PRESSURE GAUGE 4`X0-6KgX1/2` ,11,Pcs,rak 371,13/01/2026
ASPEX0207053,PRESSURE SWITCH SAGINOMIYA DNS ,4,PCS,rak 372,13/01/2026
ASPEX0207070,PROPELLER MIXER 500/1000 ,28,UNIT,rak 373,13/01/2026
ASPEX0207071,PROPELLER MIXER 800/2500 ,5,SET,rak 374,13/01/2026
ASPEX0207079,PROXIMITY SENSOR PR12-4DN2 ,36,PCS,rak 375,13/01/2026
ASPEX0207082,PROXIMITY SENSOR PRL 12-4DN - ,2,PCS,rak 376,13/01/2026
ASPEX0207085,PROXIMITY SENSOR PRL18-8AC ,12,PCS,rak 377,13/01/2026
ASPEX0207108,PULLY 3 LUBANG ,1,Pcs,rak 378,13/01/2026
ASPEX0207109,PULLY B 2-3 ,1,PCS,rak 379,13/01/2026
ASPEX0207132,PUSH BUTTON ON OFF NYALA HIJAU ,41,Pcs,rak 380,13/01/2026
ASPEX0207133,PUSH BUTTON ON OFF NYALA MERAH ,30,Pcs,rak 381,13/01/2026
ASPEX0207221,RANTAI DID 428 ,7,PACK,rak 382,13/01/2026
ASPEX0207244,RECOIL INSERT M 24 X 2.5 - 2D ,32,PCS,rak 383,13/01/2026
ASPEX0207278,"REDUCER DRAT GALVANIS 2""-1.5"" ",8,PCS,rak 384,13/01/2026
ASPEX0207281,"REDUCER GALVANIS 1"" - 1/2"" ",13,PCS,rak 385,13/01/2026
ASPEX0207282,"REDUCER GALVANIS 1.1/2"" - 1"" ",15,PCS,rak 386,13/01/2026
ASPEX0207352,REGULATOR AR 2000-02BG HPC ,22,PCS,rak 387,13/01/2026
ASPEX0207368,REGULATOR OKSIGEN ,2,Pcs,rak 388,13/01/2026
ASPEX0207414,RELAY RXM2LB2 BD - 24VDC ,20,Pcs,rak 389,13/01/2026
ASPEX0207416,RELAY RXM2LB2 P7 - 220VAC ,32,PCS,rak 390,13/01/2026
ASPEX0207419,RELL MCB ,20,Mtr,rak 391,13/01/2026
ASPEX0207426,REMOTE CRANE HOIST ,1,PCS,rak 392,13/01/2026
ASPEX0207469,RING PLAT M 12 ,50,PCS,rak 393,13/01/2026
ASPEX0207473,RING PLAT M 14 ,50,PCS,rak 394,13/01/2026
ASPEX0207475,RING PLAT M 16 ,42,PCS,rak 395,13/01/2026
ASPEX0207500,RING PLAT M 6 ,100,PCS,rak 396,13/01/2026
ASPEX0207503,RING PLAT M 8 ,150,PCS,rak 397,13/01/2026
ASPEX0207506,RING PLAT M.10 ,100,Pcs,rak 398,13/01/2026
ASPEX0207507,RING PLAT M.12 ,100,Pcs,rak 399,13/01/2026
ASPEX0207611,ROTARY ENCORDER E40S620483T24 ,6,PCS,rak 400,13/01/2026
ASPEX0207612,ROTARY ENCORDER E50S8-20483T24 ,10,Pcs,rak 401,13/01/2026
ASPEX0207660,S1010 ELECTRICAL CONT CLEANER ,27,Can,rak 402,13/01/2026
ASPEX0207670,S1013 INSULATING VERNISH RED ,4,Can,rak 403,13/01/2026
ASPEX0207677,S1042 ANTI SEIZE AGENT ,1,CAN,rak 404,13/01/2026
ASPEX0207727,SAVER 1033 METAL PROTECTOR ,9,CAN,rak 405,13/01/2026
ASPEX0207729,SAVER 1044 RED GREASE ,5,Can,rak 406,13/01/2026
ASPEX0207734,SAVER 3076 CENTRALIZED LUBE ,5,PAIL,rak 407,13/01/2026
ASPEX0207736,SAVER 3077-R2 HIGH TEMP GREASE ,14,PAIL,rak 408,13/01/2026
ASPEX0207824,SCUN KABEL SC 35-10 ,38,Pcs,rak 409,13/01/2026
ASPEX0207827,SCUN KABEL SC 4-5 ,50,PCS,rak 410,13/01/2026
ASPEX0207829,"SCUN KABEL SC 5,5-5 ",14,PACK,rak 411,13/01/2026
ASPEX0207873,SCUN KABEL Y 1.5 ,5,PACK,rak 412,13/01/2026
ASPEX0207875,SCUN KABEL Y 2.5 ,50,PCS,rak 413,13/01/2026
ASPEX0207939,SEAL TAPE TEFLON ,4,Lusin,rak 414,13/01/2026
ASPEX0208002,"SELANG HIDROLIK VAKUM 1"" 1450 ",5,SET,rak 415,13/01/2026
ASPEX0208004,"SELANG HIDROLIK VAKUM 1"" 600MM ",5,SET,rak 416,13/01/2026
ASPEX0208015,SELANG KALIBRATOR UK. 2M + NEP ,3,SET,rak 417,13/01/2026
ASPEX0208054,"SELANG SPRING TOYOX 2.1/2"" ",30,MTR,rak 418,13/01/2026
ASPEX0208069,SELANG TUBING PU 10 MM ,308,MTR,rak 419,13/01/2026
ASPEX0208070,SELANG TUBING PU 12 MM ,201,MTR,rak 420,13/01/2026
ASPEX0208071,SELANG TUBING PU 8 MM ,173,MTR,rak 421,13/01/2026
ASPEX0208090,SELECTOR SWITCH ZA2EE101 ,20,SET,rak 422,13/01/2026
ASPEX0208104,SELENOID VALVE 4V210-08 24VDC ,15,PCS,rak 423,13/01/2026
ASPEX0208106,SELENOID VALVE 4V210-08-220V ,31,PCS,rak 424,13/01/2026
ASPEX0208204,SIGNAL CABLE CB-8M METTLER TOL ,1,SET,rak 425,13/01/2026
ASPEX0208207,SIKAT KAWAT BAJA ,7,Pcs,rak 426,13/01/2026
ASPEX0208218,SIKAT KAWAT KUNINGAN ,17,PCS,rak 427,13/01/2026
ASPEX0208221,SIKAT KAWAT KUNINGAN LENGKUNG ,5,PCS,rak 428,13/01/2026
ASPEX0208226,"SIKAT MANGKOK KUNINGAN 3"" ",6,PCS,rak 429,13/01/2026
ASPEX0208233,"SIKU MAGNET LAS 3"" ",4,PCS,rak 430,13/01/2026
ASPEX0208264,SIRENE 220 V AC ,1,Pcs,rak 431,13/01/2026
ASPEX0208362,SOCKET LEGRAND 4PIN 32A ,20,SET,rak 432,13/01/2026
ASPEX0208388,SOCKET TIMER AT8N ,30,PCS,rak 433,13/01/2026
ASPEX0208400,SOK DRAT DALAM PVC 1/2 ` ,1,PCS,rak 434,13/01/2026
ASPEX0208412,SOK DRAT GALVANIS 1.5 ` ,1,PCS,rak 435,13/01/2026
ASPEX0208444,"SOK GALVANIS 1.1/2"" ",4,PCS,rak 436,13/01/2026
ASPEX0208449,SOK GALVANIS 2.5 ` ,5,PCS,rak 437,13/01/2026
ASPEX0208450,SOK GALVANIS 2` ,10,Pcs,rak 438,13/01/2026
ASPEX0208478,SOLAR DEXLITE ,7466,LTR,rak 439,13/01/2026
ASPEX0208544,SPAREPART PREVENTIVE KOBELCO ,5,SET,rak 440,13/01/2026
ASPEX0208548,SPEED CONTROL ASC-08 ,21,PCS,rak 441,13/01/2026
ASPEX0208571,SPIRAL TUBE&SPRING D87/D75 ,50,SET,rak 442,13/01/2026
ASPEX0208604,STANG BLENDER POTONG LPG ,2,PCS,rak 443,13/01/2026
ASPEX0208613,STANG LAS KURT HAUFE ,2,PCS,rak 444,13/01/2026
ASPEX0208636,STEAM KRISBOW 130 BAR ,2,SET,rak 445,13/01/2026
ASPEX0208656,STEROFOAM 4 ` ,30,Mtr,rak 446,13/01/2026
ASPEX0208671,STOP KONTAK 3 LUBANG ,10,Pcs,rak 447,13/01/2026
ASPEX0208683,STOP KONTAK TEMBOK ,1,Pcs,rak 448,13/01/2026
ASPEX0208784,TANG JEPIT/TANG BUAYA ,10,PCS,rak 449,13/01/2026
ASPEX0208786,TANG KOMBINASI ,19,PCS,rak 450,13/01/2026
ASPEX0208794,TANG LANCIP ,10,PCS,rak 451,13/01/2026
ASPEX0208803,TANG POTONG ,20,PCS,rak 452,13/01/2026
ASPEX0208829,TANG SCUN/CRIMPING YTH-202B ,4,PCS,rak 453,13/01/2026
ASPEX0208876,TCT SAW BLADE 405*32*28*50*120 ,2,PCS,rak 454,13/01/2026
ASPEX0208877,TCT SAW BLADE MS350*120T*30 ,15,PCS,rak 455,13/01/2026
ASPEX0208929,TERMINAL BLOCK KRUSTIN 10MM ,51,PCS,rak 456,13/01/2026
ASPEX0208930,TERMINAL BLOCK KRUSTIN 5MM ,50,PCS,rak 457,13/01/2026
ASPEX0208958,TERMINAL KERAMIK 2P 5.5X10 ,100,Pcs,rak 458,13/01/2026
ASPEX0208986,TEST PEN UNIOR ,16,PCS,rak 459,13/01/2026
ASPEX0208989,TESTPEN KABEL PUTUS ,10,PCS,rak 460,13/01/2026
ASPEX0208998,THERMAL OVERLOAD 3US 16-25A ,5,PCS,rak 461,13/01/2026
ASPEX0208999,THERMAL OVERLOAD 3US 7-10A ,2,PCS,rak 462,13/01/2026
ASPEX0209005,THERMAL OVERLOAD GV2 ME08 ,8,PCS,rak 463,13/01/2026
ASPEX0209011,THERMAL OVERLOAD GV2-ME10C ,1,PCS,rak 464,13/01/2026
ASPEX0209017,THERMAL OVERLOAD GV2ME22 ,3,PCS,rak 465,13/01/2026
ASPEX0209026,THERMAL OVERLOAD LRD 340C ,7,PCS,rak 466,13/01/2026
ASPEX0209031,THERMAL OVERLOAD LRD08 2.5-4A ,18,Pcs,rak 467,13/01/2026
ASPEX0209034,THERMAL OVERLOAD LRD10 4-6A ,8,Pcs,rak 468,13/01/2026
ASPEX0209036,"THERMAL OVERLOAD LRD12 5,5-8 A ",8,PCS,rak 469,13/01/2026
ASPEX0209039,THERMAL OVERLOAD LRD14 7-10A ,5,Pcs,rak 470,13/01/2026
ASPEX0209041,THERMAL OVERLOAD LRD16 9-13A ,2,Pcs,rak 471,13/01/2026
ASPEX0209043,THERMAL OVERLOAD LRD21 12-18A ,6,Pcs,rak 472,13/01/2026
ASPEX0209045,THERMAL OVERLOAD LRD22 16-25A ,4,Pcs,rak 473,13/01/2026
ASPEX0209047,THERMAL OVERLOAD LRD32 23-32A ,1,Pcs,rak 474,13/01/2026
ASPEX0209052,THERMAL OVERLOAD LRD350 37-50A ,4,PCS,rak 475,13/01/2026
ASPEX0209084,THERMALOVERLOAD TR-N5/3 53-80A ,2,PCS,rak 476,13/01/2026
ASPEX0209087,THERMO CONTROL DIXELL XR 60CX ,2,PCS,rak 477,13/01/2026
ASPEX0209113,"THERMOCOUPLE TYPE.K Dia.2,5 mm ",79,PCS,rak 478,13/01/2026
ASPEX0209127,THINNER HG SPC ,225,Ltr,rak 479,13/01/2026
ASPEX0209136,THREEBOND SILICON ,47,Pcs,rak 480,13/01/2026
ASPEX0209146,TIMER AUTONIC AT8N ,7,PCS,rak 481,13/01/2026
ASPEX0209151,TIMER AUTONICS AT8N + SOCKET ,5,SET,rak 482,13/01/2026
ASPEX0209154,TIMER DELAY SCHNEIDER LADT0 ,2,LUSIN,rak 483,13/01/2026
ASPEX0209180,TINTA/INK 1067K 500ml(HITACHI) ,1,BTL,rak 484,13/01/2026
ASPEX0209215,TRAFO STEP DOWN BK-500VA ,3,PCS,rak 485,13/01/2026
ASPEX0209216,TRAFO STEPDOWN 220V/12V 10W ,5,PCS,rak 486,13/01/2026
ASPEX0209297,V - BELT A - 40 ,3,PCS,rak 487,13/01/2026
ASPEX0209298,V - BELT A - 44 ,9,PCS,rak 488,13/01/2026
ASPEX0209309,V - BELT B - 84 ,4,PCS,rak 489,13/01/2026
ASPEX0209318,V - BELT BANDO C-123 ,3,PCS,rak 490,13/01/2026
ASPEX0209320,V - BELT C-100 ,6,PCS,rak 491,13/01/2026
ASPEX0209322,V - BELT C-130 (CRUSHER) ,6,PCS,rak 492,13/01/2026
ASPEX0209329,V - BELT MITSUBOSHI C-119 ,6,Pcs,rak 493,13/01/2026
ASPEX0209339,V - RING 2 X 1.1/2 ,2,PCS,rak 494,13/01/2026
ASPEX0209352,"VACUM GAUGE 3"" -76cmHg -0.1MPa ",5,PCS,rak 495,13/01/2026
ASPEX0209480,WARNING LIGHT SHEMSCO NPT5-3-K ,3,SET,rak 496,13/01/2026
ASPEX0209482,WASH BENZINE ,70,Ltr,rak 497,13/01/2026
ASPEX0209484,WASH SOLUTION TH-TYPE CM(HTC) ,84,Ltr,rak 498,13/01/2026
ASPEX0209508,WATERPASS MAGNET 1 M ,3,PCS,rak 499,13/01/2026
ASPEX0209527,WEBBING SLING 3 TON - 3 METER ,3,PCS,rak 500,13/01/2026
ASPEX0209528,WEBBING SLING 3 TON - 6 METER ,3,PCS,rak 501,13/01/2026
ASPEX0209572,WOOL POLISHER POLES 4`X9MM ,10,PCS,rak 502,13/01/2026
ASPEX0209600,AIR CYLINDER 80 X 80 TC ,3,PCS,rak 503,13/01/2026
ASPEX0209603,KLEM SELANG PESAWAT EN AW 6082 ,1,SET,rak 504,13/01/2026
ASPEX0209605,BESI BEHEL STAINLESS 8 MM ,10,BTG,rak 505,13/01/2026
ASPEX0209635,OIL SEAL TC 75 X 100 X 12 ,8,PCS,rak 506,13/01/2026
ASPEX0209648,INDIKATOR TUTUP OLI KACA ,20,PCS,rak 507,13/01/2026
ASPEX0209649,TUTUP VACUM AKRILIK ,9,PCS,rak 508,13/01/2026
ASPEX0209783,OIL SEAL TC 100X125X12 ,12,PCS,rak 509,13/01/2026
ASPEX0209784,PAKU 10 CM ,20,KG,rak 510,13/01/2026
ASPEX0209787,MANUAL PUSH BUTTON FIRE ALARM ,7,PCS,rak 511,13/01/2026
ASPEX0209933,PLAT LUBANG SS DIA 4 MM ,2,LBR,rak 512,13/01/2026
ASPEX0209934,HEATER DIES KOTAK 160X285X20 ,2,PCS,rak 513,13/01/2026
ASPEX0209935,HEATER DIES KOTAK 180X175X20 ,2,PCS,rak 514,13/01/2026
ASPEX0209936,HEATER DIES KOTAK 200X285X20 ,6,PCS,rak 515,13/01/2026
ASPEX0210044,ISOLASI NITTO HITAM ,16,PCS,rak 516,13/01/2026
ASPEX0210076,CAPACITOR BANK RF-T 415 V ,5,UNIT,rak 517,13/01/2026
ASPEX0210077,KARET COUPLING EXTRUDER MT 9 ,8,PCS,rak 518,13/01/2026
ASPEX0210078,KARET COUPLING EXTRUDER MT 8 ,6,PCS,rak 519,13/01/2026
ASPEX0210079,KARET COUPLING EXTRUDER MT 7 ,3,PCS,rak 520,13/01/2026
ASPEX0210080,KARET COUPLING EXTRUDER MT 6 ,3,PCS,rak 521,13/01/2026
ASPEX0210088,RECOIL INSERT M 24 X 3 ,19,PCS,rak 522,13/01/2026
ASPEX0210105,AUXILARY SIEMENS 3TX3010-8A NO ,29,PCS,rak 523,13/01/2026
ASPEX0210106,AUXILARY SIEMENS 3TX3001-8A NC ,40,PCS,rak 524,13/01/2026
ASPEX0210107,3P-MGV PARTS 451476 ,2,PCS,rak 525,13/01/2026
ASPEX0210108,HEATER DIES KOTAK 320X175X20 ,6,PCS,rak 526,13/01/2026
ASPEX0210110,SNAI M10 X 1.0 ,2,PCS,rak 527,13/01/2026
ASPEX0210187,"NEPLE SELANG 1/2"" DRAT LUAR ",40,PCS,rak 528,13/01/2026
ASPEX0210195,PRESSURE SWITCH TIVAL FF4-8 8 BAR ,2,SET,rak 529,13/01/2026
ASPEX0210198,MECANICAL SEAL 2100K-43 G60 STA ,5,PCS,rak 530,13/01/2026
ASPEX0210200,V - BELT B-94 ,2,PCS,rak 531,13/01/2026
ASPEX0210216,BEARING HGW - 25CC HIWIN ,4,PCS,rak 532,13/01/2026
ASPEX0210218,BEARING HGW - 30CC HIWIN ,14,PCS,rak 533,13/01/2026
ASPEX0210219,BEARING SKF 6315 RS GERMANY ,1,PCS,rak 534,13/01/2026
ASPEX0210220,BEARING SKF/FAG 30310 ,3,PCS,rak 535,13/01/2026
ASPEX0210221,BEARING SKF/FAG 30311 ,3,PCS,rak 536,13/01/2026
ASPEX0210223,BEARING SKF/FAG 32028 ,4,PCS,rak 537,13/01/2026
ASPEX0210228,HEATER DIES KOTAK 260X250 ,10,PCS,rak 538,13/01/2026
ASPEX0210235,PHASE FAILURE RELAY GC1100 ,3,PCS,rak 539,13/01/2026
ASPEX0210444,REFILL LPG BRIGHTGAS 12 KG ,2,TBG,rak 540,13/01/2026
ASPEX0210456,SENSOR ROTARY PADDLE SR-80 ,6,SET,rak 541,13/01/2026
ASPEX0210546,LAMPU LED 10 WATT ,6,PCS,rak 542,13/01/2026
ASPEX0210559,DIGITAL PANEL METER LR-3UIF35 ,5,PCS,rak 543,13/01/2026
ASPEX0210630,DIGITAL PANEL METER SD8-A10W ,10,PCS,rak 544,13/01/2026
ASPEX0210631,FAN TYPE FP-108EX-S1-SFY ,9,PCS,rak 545,13/01/2026
ASPEX0210632,FAN TYPE DZ12038B24HA ,1,PCS,rak 546,13/01/2026
ASPEX0210770,CATERPILAR (RUBBER+CHAIN) 830R ,2,SET,rak 547,13/01/2026
ASPEX0210836,INVERTER ABB ACS-480 1.5 KW ,1,SET,rak 548,13/01/2026
ASPEX0210838,INVERTER EV2100 75 KW ,1,SET,rak 549,13/01/2026
ASPEX0210840,HOT MIX CYLINDER + AS BEARING ,1,SET,rak 550,13/01/2026
ASPEX0210841,COOL MIX CYLINDER + AS BEARING ,1,SET,rak 551,13/01/2026
ASPEX0210844,MAIN MOTOR EXTRUDER 110KW ,1,SET,rak 552,13/01/2026
ASPEX0210849,RUBBER ROLL HAULOFF RS ROMA L = 1680 ,1,SET,rak 553,13/01/2026
ASPEX0210893,STANDING BARREL 92/188 ,1,PCS,rak 554,13/01/2026
ASPEX0210894,VACUUM PART SCREW BAREL 80/156 ,3,SET,rak 555,13/01/2026
ASPEX0210951,CAT NIPPE SILVER ,9,KG,rak 556,13/01/2026
ASPEX0210952,PNEUMATIC CYLINDER SC 63X200 ,6,PCS,rak 557,13/01/2026
ASPEX0211026,CAST IN HEATER 375X110X25 380V ,1,SET,rak 558,13/01/2026
ASPEX0211027,HEATER DIES KOTAK 270X260X20 220V ,13,PCS,rak 559,13/01/2026
ASPEX0211028,CAST IN HEATER 240X92X25 380V ,2,SET,rak 560,13/01/2026
ASPEX0211029,HEATER ADAPTOR KOTAK 280X240X45X20 ,1,SET,rak 561,13/01/2026
ASPEX0211030,HEATER DIES KOTAK 240X260X20 220V ,6,PCS,rak 562,13/01/2026
ASPEX0211031,BAND HEATER CERAMIC 220X160 380V ,2,SET,rak 563,13/01/2026
ASPEX0211056,COLOKAN T CABANG ,2,PCS,rak 564,13/01/2026
ASPEX0211189,KAIN FILTER DUST COLLECTOR ,8,MTR,rak 565,13/01/2026
ASPEX0211247,"FLAP DISC K55 4"" ",30,PCS,rak 566,13/01/2026
ASPEX0211483,BLOK VAKUM RS ,1,SET,rak 567,13/01/2026
ASPEX0211534,PNEUMATIC CYLINDER SC 125X250 ,4,PCS,rak 568,13/01/2026
ASPEX0211546,"FLANGE PVC 2.5"" ",12,PCS,rak 569,13/01/2026
ASPEX0211633,ROUTER 4G TP-LINK ,4,SET,rak 570,13/01/2026
ASPEX0211634,DOUBLE TAPE 3M ,10,PCS,rak 571,13/01/2026
ASPEX0211635,HUB 5 PORT 105 DC9-48V ,7,SET,rak 572,13/01/2026
ASPEX0211637,OIL SEAL TC 60 - 82 - 8 ,8,PCS,rak 573,13/01/2026
ASPEX0211647,BEARING NTN 6210 ,1,PCS,rak 574,13/01/2026
ASPEX0211707,WIRE ROPE SLING 4 LEG + 10.7 TON 1 ,2,SET,rak 575,13/01/2026
ASPEX0211712,SPIRAL WRAPPING KABEL KS15 ,2,ROLL,rak 576,13/01/2026
ASPEX0211737,LOAD CELL MT1260 - 300 KG 2M ,12,UNIT,rak 577,13/01/2026
ASPEX0211738,PRECISION JUNCTION BOX AJB540S ,13,UNIT,rak 578,13/01/2026
ASPEX0211739,WEIGH TERM 32E10000A000000 ,13,UNIT,rak 579,13/01/2026
ASPEX0211780,CUTTING FLUID ,2,LTR,rak 580,13/01/2026
ASPEX0211812,FLANGE PVC 4' ,4,PCS,rak 581,13/01/2026
ASPEX0211817,OIL SEAL TC 140X210X15 ,2,PCS,rak 582,13/01/2026
ASPEX0211866,GAS TORCH ,4,SET,rak 583,13/01/2026
ASPEX0211867,GAS HI COCK 230 GR ,4,TBG,rak 584,13/01/2026
ASPEX0211913,SEAL SILICON COOLING MIXER ,11,PCS,rak 585,13/01/2026
ASPEX0211928,PRESSURE SWITCH SAGINOMIYA YNSC106 ,7,SET,rak 586,13/01/2026
ASPEX0211929,"FLANGE JIS 10K 2"" ",2,PCS,rak 587,13/01/2026
ASPEX0211951,HEATER DIES KOTAK 305X225X20 ,4,PCS,rak 588,13/01/2026
ASPEX0211952,BAND HEATER CERAMIC 200x120 380V ,2,PCS,rak 589,13/01/2026
ASPEX0211957,ROTOR GERGAJI BOSCH GSA120 ,3,SET,rak 590,13/01/2026
ASPEX0211966,BOX PANEL 170 X 80 X 40 CM ,1,UNIT,rak 591,13/01/2026
ASPEX0211967,TRAFO FD-680 380V - 24 V 50VA ,6,SET,rak 592,13/01/2026
ASPEX0211968,PRESSURE TRANSMITTER WPT-70G-A4G4 ,3,SET,rak 593,13/01/2026
ASPEX0211986,ORING SEAL 6 MM METERAN ,9,MTR,rak 594,13/01/2026
ASPEX0211987,ORING SEAL 7 MM METERAN ,15,MTR,rak 595,13/01/2026
ASPEX0212011,MOTOR+ROTARY VALVE 0.75 KW ,4,SET,rak 596,13/01/2026
ASPEX0212017,FLOATLESS LEVEL+SOCKET 220V ,7,SET,rak 597,13/01/2026
ASPEX0212019,ELECTRODE HOLDER PS-3S OMRON ,8,SET,rak 598,13/01/2026
ASPEX0212096,OIL SEAL TC 130 X 160 X 12 ,12,PCS,rak 599,13/01/2026
ASPEX0212137,KABEL PROFIBUS 6XV1830 ,160,MTR,rak 600,13/01/2026
ASPEX0212166,MILITARY CONNECTOR 14 PIN ,10,SET,rak 601,13/01/2026
ASPEX0212169,PENANDA PILOT LAMP 22MM ,100,PCS,rak 602,13/01/2026
ASPEX0212170,VACUM GAUGE PAYUNG 4' ,4,SET,rak 603,13/01/2026
ASPEX0212192,DRIVE MOTOR R/L CRANE ,1,SET,rak 604,13/01/2026
ASPEX0212211,SENSOR AIR STICK ELEKTRODE OMRON ,6,SET,rak 605,13/01/2026
ASPEX0212212,VACUM GAUGE 4' DRAT Â½ ,14,PCS,rak 606,13/01/2026
ASPEX0212268,OLI FLICKER 806 ISO VG 46 HYD ,10,PAIL,rak 607,13/01/2026
ASPEX0212276,CAST IN HEATER 390X240X25 380V ,4,SET,rak 608,13/01/2026
ASPEX0212296,INVERTER NIDEC NE300-4T0015G 1.5KW ,5,UNIT,rak 609,13/01/2026
ASPEX0212297,BATERAI STARTER KIT 2X18V 2.0AH + ,1,SET,rak 610,13/01/2026
ASPEX0212338,"PIPA ORNAMEN 3"" TBL 2MM ",13,BTG,rak 611,13/01/2026
ASPEX0212363,"NEPEL TEE DRAT LUAR 1"" ",49,PCS,rak 612,13/01/2026
ASPEX0212385,THERMOCOUPLE CHILLER PT100 ,1,SET,rak 613,13/01/2026
ASPEX0212447,THERMOMETER LURUS KUNINGAN ,2,SET,rak 614,13/01/2026
ASPEX0212452,ARMAFLEX ,100,MTR,rak 615,13/01/2026
ASPEX0212454,MATA GERINDA WD 105X1.2X16 ,11,PACK,rak 616,13/01/2026
ASPEX0212487,PENTIL PENGISIAN AC 1/4 DAN ,30,SET,rak 617,13/01/2026
ASPEX0212518,SELENOID VALVE 4A210-08 ,17,PCS,rak 618,13/01/2026
ASPEX0212520,CAST IN HEATER 260X260 380V 6KW ,3,SET,rak 619,13/01/2026
ASPEX0212523,KARET COUPLE GR65 ,5,PCS,rak 620,13/01/2026
ASPEX0212533,INVERTER TECHNIQUES ,6,UNIT,rak 621,13/01/2026
ASPEX0212625,INSERT BUBUT DNMG ,2,SET,rak 622,13/01/2026
ASPEX0212650,BZ-0700250-DIAPHRAGM PUMP WAGNER ,1,SET,rak 623,13/01/2026
ASPEX0212661,RR0200113-DOCTOR ROLLER 177x1450 ,1,SET,rak 624,13/01/2026
ASPEX0212662,RR0200549-RUBBER ,1,SET,rak 625,13/01/2026
ASPEX0212666,BZ-0300215-MERCURY UV LAMP ,3,SET,rak 626,13/01/2026
ASPEX0212667,BZ-0300216-GALLIUM UV LAMP ,2,SET,rak 627,13/01/2026
ASPEX0212671,BZ-0300111-GALLIUM UV LAMP ,2,SET,rak 628,13/01/2026
ASPEX0212695,HEATER BARREL COMPLETE + BLOWER ,2,SET,rak 629,13/01/2026
ASPEX0212696,GEARBOX COMPLETE EXTRUDER SJZ ,1,SET,rak 630,13/01/2026
ASPEX0212697,SCREW & BARREL D65/132 ,1,SET,rak 631,13/01/2026
ASPEX0212732,INVERTER NE300-4T0040G ,3,SET,rak 632,13/01/2026
ASPEX0212733,STICKY PAPER ROLL 76x95x1300 ,20,ROLL,rak 633,13/01/2026
ASPEX0212755,V-BELT C-111 ,6,PCS,rak 634,13/01/2026
ASPEX0212756,V-BELT SPC 2000LW ,4,PCS,rak 635,13/01/2026
ASPEX0212758,HEAT EXCHANGER VACUM ,1,SET,rak 636,13/01/2026
ASPEX0212793,HOPPER TRANSFER ,10,UNIT,rak 637,13/01/2026
ASPEX0212798,BESI BEHEL STAINLESS 10 MM ,5,BTG,rak 638,13/01/2026
ASPEX0212830,ETHANOL ,32,LTR,rak 639,13/01/2026
ASPEX0212832,CAST IN HEATER 230X210X25 ,1,SET,rak 640,13/01/2026
ASPEX0212834,BAND HEATER 170X90 220V/1300W ,2,PCS,rak 641,13/01/2026
ASPEX0212835,BAND HEATER 200X100 220V/1400W ,2,PCS,rak 642,13/01/2026
ASPEX0212841,CAST IN HEATER 265X290X25 ,1,SET,rak 643,13/01/2026
ASPEX0212844,HEATER ADAPTOR KOTAK 275X235X20 ,2,SET,rak 644,13/01/2026
ASPEX0212851,RANTAI DID 80-3 ,3,SET,rak 645,13/01/2026
ASPEX0212870,INVERTER NIDEC NE300-4T0022G ,4,UNIT,rak 646,13/01/2026
ASPEX0212924,MATA KUNCI SOK 27 ,2,PCS,rak 647,13/01/2026
ASPEX0212941,DANFOSS LOW PRESSURE SWITCH KP1 ,2,SET,rak 648,13/01/2026
ASPEX0212943,PNEUMATIC CYLINDER SC 160X250 ,2,SET,rak 649,13/01/2026
ASPEX0212944,OIL LEVEL GAUGE COMPRESSOR ,2,SET,rak 650,13/01/2026
ASPEX0212946,DANFOSS HIGH PRESSURE SWITCH KP5 ,3,SET,rak 651,13/01/2026
ASPEX0212961,PNEUMATIC CYLINDER SC80x320-S ,1,PCS,rak 652,13/01/2026
ASPEX0212962,PNEUMATIC CYLINDER SC 125X450 ,2,PCS,rak 653,13/01/2026
ASPEX0212968,DIFFERENTIAL GAUGE CENTRE BACK ,2,PCS,rak 654,13/01/2026
ASPEX0213103,MAGNET RING ,58,PCS,rak 655,13/01/2026
ASPEX0213106,OIL SEAL TC 55 X 80 X 12 ,10,PCS,rak 656,13/01/2026
ASPEX0213109,FRAME ROLL CUTTING FOAM ,1,SET,rak 657,13/01/2026
ASPEX0213110,REMOTE CRANE 6 ARAH + KABEL ,1,SET,rak 658,13/01/2026
ASPEX0213183,INVERTER NIDEC NE300-4T0110G ,4,UNIT,rak 659,13/01/2026
ASPEX0213195,WATER VALVE OTOMATIS DN25 2IN ,2,SET,rak 660,13/01/2026
ASPEX0213203,SELANG HYDRAULIC 70 CM ,1,SET,rak 661,13/01/2026
ASPEX0213204,PNEUMATIC CYLINDER SC 80x350 ,4,PCS,rak 662,13/01/2026
ASPEX0213223,SCRAPER 4990100106 ,1,PCS,rak 663,13/01/2026
ASPEX0213224,SCRAPER 4990100108 ,1,PCS,rak 664,13/01/2026
ASPEX0213225,SPRAY GUN 4940700840 ,1,SET,rak 665,13/01/2026
ASPEX0213226,SPRAY GUN 4940402486 ,1,SET,rak 666,13/01/2026
ASPEX0213235,STICKER LABEL T50*30-230WHITE ,2,ROLL,rak 667,13/01/2026
ASPEX0213242,PILLOW BLOCK FC206 ,7,PCS,rak 668,13/01/2026
ASPEX0213254,LOCK WASHER MB 12 ,4,PCS,rak 669,13/01/2026
ASPEX0213299,SARINGAN CRUSHER LUBANG 8 MM ,5,PCS,rak 670,13/01/2026
ASPEX0213303,SEALANT OCI NEUTRAL N-193 ,25,PCS,rak 671,13/01/2026
ASPEX0213322,HOLE SAW 32MM ,1,PCS,rak 672,13/01/2026
ASPEX0213323,SCREW CONVEYOR MILLER ,2,SET,rak 673,13/01/2026
ASPEX0213324,RANTAI PLASTIC ,100,MTR,rak 674,13/01/2026
ASPEX0213384,AIR FILTER REGULATOR AFC2000 ,5,SET,rak 675,13/01/2026
ASPEX0213385,AIR FILTER REGULATOR AC4010 ,7,SET,rak 676,13/01/2026
ASPEX0213438,SELANG TOYOX (TS-15) 15X22 ,120,MTR,rak 677,13/01/2026
ASPEX0213440,MOTOR F/10100237 NO.40 ,2,PCS,rak 678,13/01/2026
ASPEX0213445,HEPA FILTER F/10100236 100237 ,2,PCS,rak 679,13/01/2026
ASPEX0213446,HEPA LOCK BUTTON F/10100236 237 ,2,PCS,rak 680,13/01/2026
ASPEX0213447,DUSTIN BAG F/10100237 ,2,PCS,rak 681,13/01/2026
ASPEX0213458,BAND HEATER 220 X 130 380V 3800W ,4,PCS,rak 682,13/01/2026
ASPEX0213459,KUNCI BOX PANEL ,10,SET,rak 683,13/01/2026
ASPEX0213460,HEAVY DUTY CONECTOR 4 PIN ,10,SET,rak 684,13/01/2026
ASPEX0213482,CALIBRATOR HOSE RED EPDM 3/4(19MM) ,12,MTR,rak 685,13/01/2026
ASPEX0213522,OIL SEAL TC 62 X 45 X 8 ,4,PCS,rak 686,13/01/2026
ASPEX0213523,OIL SEAL TC 160 X 140 X 15 ,6,PCS,rak 687,13/01/2026
ASPEX0213528,NEPLE GREASE 90 DERAJAT ,20,PCS,rak 688,13/01/2026
ASPEX0213550,"SELANG SPIRAL FLEXIBLE 4"" ",25,MTR,rak 689,13/01/2026
ASPEX0213562,KONEKTOR KABEL LAN ,50,PCS,rak 690,13/01/2026
ASPEX0213575,SENG TALANG ,250,MTR,rak 691,13/01/2026
ASPEX0213612,COUPLING FCL 200 ,3,SET,rak 692,13/01/2026
ASPEX0213632,AMPLAS ROLL 80 KAIN ,3,MTR,rak 693,13/01/2026
ASPEX0213633,AMPLAS ROLL 150 KAIN ,2,MTR,rak 694,13/01/2026
ASPEX0213641,OIL SEAL TC 80 X 105 X 12 ,7,PCS,rak 695,13/01/2026
ASPEX0213642,OIL SEAL TC 120 X 150 X 12 ,7,PCS,rak 696,13/01/2026
ASPEX0213665,GUTTER BASE ASSEMBLY 452176 ,1,PCS,rak 697,13/01/2026
ASPEX0213743,PROXIMITY SENSOR SN04-Y ,6,PCS,rak 698,13/01/2026
ASPEX0213744,TANG KUPAS KABEL ,4,PCS,rak 699,13/01/2026
ASPEX0213753,BESI RAK SIKU LUBANG ,4,BOX,rak 700,13/01/2026
ASPEX0213754,OIL SEAL TC 90 X 120 X 13 ,8,PCS,rak 701,13/01/2026
ASPEX0213755,OIL SEAL TC 55 X 75 X 10 ,4,PCS,rak 702,13/01/2026
ASPEX0213756,OIL SEAL TC 55 X 78 X 12 ,4,PCS,rak 703,13/01/2026
ASPEX0213757,O-RING ID=55MM OD=65 MM ,4,PCS,rak 704,13/01/2026
ASPEX0213758,O-RING ID=55MM OD=67 MM ,4,PCS,rak 705,13/01/2026
ASPEX0213759,V - BELT D-134 ,6,PCS,rak 706,13/01/2026
ASPEX0213762,ALUMUNIUM FOIL TAPE ,5,PCS,rak 707,13/01/2026
ASPEX0213765,BESI HOLLOW 40X40X3 ,15,BTG,rak 708,13/01/2026
ASPEX0213788,KAP + LAMPU TL LED ISI 2 36W ,1,SET,rak 709,13/01/2026
ASPEX0213789,O-RING P-070 NBR ROOT BLOWER ,8,PCS,rak 710,13/01/2026
ASPEX0213807,CONTACTOR SIEMEN 3RT5054-1 220V ,3,PCS,rak 711,13/01/2026
ASPEX0213809,HEATER DIES KOTAK 255X250X20 220V ,10,SET,rak 712,13/01/2026
ASPEX0213810,HEATER DIES KOTAK 220X225X20 ,2,PCS,rak 713,13/01/2026
ASPEX0213879,AS KUNINGAN DiA. 10MM ,1,MTR,rak 714,13/01/2026
ASPEX0213880,AS KUNINGAN DiA. 12MM ,1,MTR,rak 715,13/01/2026
ASPEX0213888,SELANG SPRING + COUPLER 1/2 X 1M ,1,PCS,rak 716,13/01/2026
ASPEX0213889,"SELANG TEFLON 3/8"" X 3M ",20,BTG,rak 717,13/01/2026
ASPEX0213895,HEATER ADAPTOR KOTAK ,2,SET,rak 718,13/01/2026
ASPEX0213933,O-RING D150X3MM ,20,PCS,rak 719,13/01/2026
ASPEX0213934,O-RING D155X3MM ,18,PCS,rak 720,13/01/2026
ASPEX0213990,POWER SUPPLY DELTA PMT-24V100W2BA ,10,SET,rak 721,13/01/2026
ASPEX0214027,PLC SM 1231 AI8 (6ES7 ,5,SET,rak 722,13/01/2026
ASPEX0214055,CURRENT TRANSFORMER MSQ-40 ,15,PCS,rak 723,13/01/2026
ASPEX0214070,VIBRATORY FEEDER SDVC20-S ,3,SET,rak 724,13/01/2026
ASPEX0214076,WIRE MESH 60 SS304 ,5,MTR,rak 725,13/01/2026
ASPEX0214090,V-BELT B-50 ,6,PCS,rak 726,13/01/2026
ASPEX0214091,SPILL CONTAINMENT PALLET ,2,PCS,rak 727,13/01/2026
ASPEX0214191,KAKI TRAILER ,2,SET,rak 728,13/01/2026
ASPEX0214218,BEARING 23120 ,4,PCS,rak 729,13/01/2026
ASPEX0214219,BEARING 23122 ,4,PCS,rak 730,13/01/2026
ASPEX0214220,BEARING 29426 ,1,PCS,rak 731,13/01/2026
ASPEX0214221,BEARING 29430 ,1,PCS,rak 732,13/01/2026
ASPEX0214223,BEARING TAPPER 32226 ,2,PCS,rak 733,13/01/2026
ASPEX0214226,OIL SEAL 60 X 80 X 12 ,2,PCS,rak 734,13/01/2026
ASPEX0214232,BEARING TAPPER 32316 ,5,PCS,rak 735,13/01/2026
ASPEX0214238,LOCK NUT ADP 22 M110 X 2 ,4,PCS,rak 736,13/01/2026
ASPEX0214240,LOCK WASHER ADP 22 ,2,PCS,rak 737,13/01/2026
ASPEX0214263,FAN S4D500-CM03-09 ,2,SET,rak 738,13/01/2026
ASPEX0214273,"SELENOID VALVE 1"" 220V ",1,SET,rak 739,13/01/2026
ASPEX0214274,DIGITAL LEVEL LASER MINI ,2,SET,rak 740,13/01/2026
ASPEX0214275,OBENG ELEKTRIK ,2,SET,rak 741,13/01/2026
ASPEX0214276,LOCK NUT KM 12 ,10,PCS,rak 742,13/01/2026
ASPEX0214279,NEPLE SELANG CALLIBRATOR 1/2' ,100,PCS,rak 743,13/01/2026
ASPEX0214281,SELONGSONG CLAMP SELANG ID 23 MM ,78,PCS,rak 744,13/01/2026
ASPEX0214282,"U BOLT 3"" ",40,PCS,rak 745,13/01/2026
ASPEX0214283,TANG MULTIFUNGSI ,6,PCS,rak 746,13/01/2026
ASPEX0214293,TCT SAW BLADE 255X2.6X25.4 MM ,3,PCS,rak 747,13/01/2026
ASPEX0214294,AS SHAFT MILLER ,1,SET,rak 748,13/01/2026
ASPEX0214308,OIL SEAL TC 65 X 90 X 10 ,8,PCS,rak 749,13/01/2026
ASPEX0214309,HIGH VOLTAGE GENERATOR ,2,SET,rak 750,13/01/2026
ASPEX0214322,RUBBER COUPLING T80 ,4,PCS,rak 751,13/01/2026
ASPEX0214323,SARINGAN NYLON MESH 150 ,10,MTR,rak 752,13/01/2026
ASPEX0214324,SARINGAN NYLON MESH 200 ,10,MTR,rak 753,13/01/2026
ASPEX0214349,KARET HAULOFF ,9,PCS,rak 754,13/01/2026
ASPEX0214350,THERMAL OVERLOAD 3US 4-6.3A ,5,PCS,rak 755,13/01/2026
ASPEX0214351,THERMAL OVERLOAD 3US 2.5-4A ,9,PCS,rak 756,13/01/2026
ASPEX0214352,THERMAL OVERLOAD 3US 8-12A ,9,PCS,rak 757,13/01/2026
ASPEX0214353,THERMAL OVERLOAD 3US 12.5-18A ,9,PCS,rak 758,13/01/2026
ASPEX0214367,SAVER 3065 WIRE ROPE GREASE ,1,PAIL,rak 759,13/01/2026
ASPEX0214408,TEE PVC 2 ` ,3,PCS,rak 760,13/01/2026
ASPEX0214410,SOK PVC 2` ,2,PCS,rak 761,13/01/2026
ASPEX0214412,"VALVE PVC 2"" ",1,PCS,rak 762,13/01/2026
ASPEX0214417,SOK DRAT LUAR PVC 2` ,2,PCS,rak 763,13/01/2026
ASPEX0214435,"JANGKA INLET 10"" ",1,SET,rak 764,13/01/2026
ASPEX0214436,"JANGKA OUTLET 18"" ",1,SET,rak 765,13/01/2026
ASPEX0214438,FAN CKE 16IN 225W-220V 50HZ ,2,SET,rak 766,13/01/2026
ASPEX0214494,BESI WF 350X175MM ,24,MTR,rak 767,13/01/2026
ASPEX0214499,INSERT BUBUT APMT1135 ,4,SET,rak 768,13/01/2026
ASPEX0214503,HEATER DIES KOTAK 265X255X20 220 ,13,PCS,rak 769,13/01/2026
ASPEX0214504,HEATER DIES KOTAK 240X255X20 ,6,PCS,rak 770,13/01/2026
ASPEX0214506,HEATER DIES KOTAK 260X250X20 ,8,PCS,rak 771,13/01/2026
ASPEX0214510,HEATER DIES KOTAK 295X260X20 ,4,PCS,rak 772,13/01/2026
ASPEX0214511,CAST IN HEATER 390X115X25 ,4,SET,rak 773,13/01/2026
ASPEX0214561,SEAL UNS 60X80X12 ,4,PCS,rak 774,13/01/2026
ASPEX0214587,STOP KRAN OTOMATIS ,6,SET,rak 775,13/01/2026
ASPEX0214588,PLC TM221CE16R ,2,SET,rak 776,13/01/2026
ASPEX0214608,COUNTER TIMER CT6Y-1PT ,5,PCS,rak 777,13/01/2026
ASPEX0214609,PLC SIEMENS SM1231 TC ,1,SET,rak 778,13/01/2026
ASPEX0214610,PLC SIEMENS SM1231 TC ,1,SET,rak 779,13/01/2026
ASPEX0214611,FISHER SET 6 ,1,PACK,rak 780,13/01/2026
ASPEX0214612,FISHER SET 8 ,1,PACK,rak 781,13/01/2026
ASPEX0214613,FISHER SET 10 ,1,PACK,rak 782,13/01/2026
ASPEX0214614,FISHER SET 12 ,1,PACK,rak 783,13/01/2026
ASPEX0214615,CATRIDGE HEATER DIA 15.5MM X 250 ,4,PCS,rak 784,13/01/2026
ASPEX0214616,HEATER ADAPTOR 300X200X40X20 220V/850W ,1,SET,rak 785,13/01/2026
ASPEX0214623,PIPA GALVANIS 8 ` ,2,BTG,rak 786,13/01/2026
ASPEX0214624,STAINER VALVE 2.5` ,1,PCS,rak 787,13/01/2026
ASPEX0214625,NOZZLE JET SPRAY SS ,45,PCS,rak 788,13/01/2026
ASPEX0214658,PIPA SILO DRAW ,4,SET,rak 789,13/01/2026
ASPEX0214660,NEPLE SELANG GALVANIS 2.5` ,8,PCS,rak 790,13/01/2026
ASPEX0214661,PANEL METER MT4N-DV-44 ,14,PCS,rak 791,13/01/2026
ASPEX0214673,BALING-BALING BLOWER ,8,PCS,rak 792,13/01/2026
ASPEX0214674,KLEM SS TEFLON ,34,SET,rak 793,13/01/2026
ASPEX0214678,TROLY BARANG LIPAT ,1,UNIT,rak 794,13/01/2026
ASPEX0214687,FINISHING MATRIAL POLISH ,1,CAN,rak 795,13/01/2026
ASPEX0214720,PLAT BESI 16X850X650 MM ,1,PCS,rak 796,13/01/2026
ASPEX0214721,SELANG HYDRAULIC 85 CM ,1,SET,rak 797,13/01/2026
ASPEX0214725,SOUND METER DIGITAL 35-140DB ,1,PCS,rak 798,13/01/2026
ASPEX0214728,"SELANG TEFLON 3/8"" X 167 CM ",10,BTG,rak 799,13/01/2026
ASPEX0214794,SAVER 212 SILICONE LUBRICANT ,5,LTR,rak 800,13/01/2026
ASPEX0214795,KUNCI TORSI 140-560 NM ,1,SET,rak 801,13/01/2026
ASPEX0214840,BI-METAL SCREW & SLEEVE BARREL ,1,SET,rak 802,13/01/2026
ASPEX0214841,HEATER ADAPTOR KOTAK 240X260 ,2,SET,rak 803,13/01/2026
ASPEX0214847,INSERT 16IR ALUR DRAT 1.9MM ,2,SET,rak 804,13/01/2026
ASPEX0214875,STANDOFF SPACER M 6 X 20 + 10MM ,10,PCS,rak 805,13/01/2026
ASPEX0214877,MUR M 6 X 10 STAINLESS ,10,PCS,rak 806,13/01/2026
ASPEX0214890,MCB 2 PHASE 16 A ,9,PCS,rak 807,13/01/2026
ASPEX0214891,MCB 2 PHASE 25 A ,20,PCS,rak 808,13/01/2026
ASPEX0214892,MCB 2 PHASE 32 A ,15,PCS,rak 809,13/01/2026
ASPEX0215074,RADIUS GAUGE 0.5 MM - 13 MM ,1,SET,rak 810,13/01/2026
ASPEX0215075,NYLON TUBING PU 4 MM ,1,ROLL,rak 811,13/01/2026
ASPEX0215076,NYLON TUBING PU 6 MM ,1,ROLL,rak 812,13/01/2026
ASPEX0215077,PITING TUBING I 04 MM ,7,PCS,rak 813,13/01/2026
ASPEX0215078,PITING TUBING I 06 MM ,10,PCS,rak 814,13/01/2026
ASPEX0215087,GERGAJI DONG CHENG ,5,SET,rak 815,13/01/2026
ASPEX0215088,IMPACT WRENCH ANGIN ,2,SET,rak 816,13/01/2026
ASPEX0215089,PLATE BRACKET 200X300X200 ,6,PCS,rak 817,13/01/2026
ASPEX0215090,ZINCCROMATE ,2,PCS,rak 818,13/01/2026
ASPEX0215091,ENGSEL TRAILER ,12,PCS,rak 819,13/01/2026
ASPEX0215166,PILOT LAMP AMPERE + VOLT METER ,45,PCS,rak 820,13/01/2026
ASPEX0215168,LEGRAN Y014 16A 415V ,10,PCS,rak 821,13/01/2026
ASPEX0215169,LEGRAN Y013 16A 250V ,10,PCS,rak 822,13/01/2026
ASPEX0215170,LEGRAN Y314 415V ,10,PCS,rak 823,13/01/2026
ASPEX0215171,LEGRAN Y313 250V ,10,PCS,rak 824,13/01/2026
ASPEX0215183,BESI BEHEL 19MM ,1,BTG,rak 825,13/01/2026
ASPEX0215190,PARTS CALIBRATOR LIAT H ,1,SET,rak 826,13/01/2026
ASPEX0215270,TEE PVC 2 1/2 ` ,2,PCS,rak 827,13/01/2026
ASPEX0215291,PNEUMATIC CYLINDER SC 200-300 ,2,PCS,rak 828,13/01/2026
ASPEX0215361,"SELENOID VALVE 1/2"" ",4,SET,rak 829,13/01/2026
ASPEX0215380,SCOTBRITE KONA ,30,PCS,rak 830,13/01/2026
ASPEX0215386,SCUN KABEL I 35 ,20,PCS,rak 831,13/01/2026
ASPEX0215387,SCUN KABEL I 25 ,20,PCS,rak 832,13/01/2026
ASPEX0215404,SENDOK TAKAR GAGANG 100 ML ,1,PCS,rak 833,13/01/2026
ASPEX0215405,SENDOK TAKAR GAGANG 250 ML ,1,PCS,rak 834,13/01/2026
ASPEX0215406,SENDOK TAKAR GAGANG 50ML ,1,PCS,rak 835,13/01/2026
ASPEX0215457,SOK PVC 2.5` ,4,PCS,rak 836,13/01/2026
ASPEX0215458,SOK PVC 3` ,4,PCS,rak 837,13/01/2026
ASPEX0215499,SELECTOR SWITCH SCHNEIDER 3 ,20,PCS,rak 838,13/01/2026
ASPEX0215500,SELECTOR SWITCH SCHNEIDER 2 ,20,PCS,rak 839,13/01/2026